insert into user_contact(id, name, birthday, email) values(1, 'Juan Perez', '1990-05-05', 'jperez@gmail.com')
insert into user_contact(id, name, birthday, email) values(2, 'Jose Fulanito', '1987-05-05', 'jfulanito@gmail.com')
insert into user_contact(id, name, birthday, email) values(3, 'Pedro Coca', '1992-09-02', 'pcoca@gmail.com')
insert into user_contact(id, name, birthday, email) values(4, 'Jose Fernandez', '1990-01-15', 'jfernandez@gmail.com')
insert into user_contact(id, name, birthday, email) values(5, 'Alberto Suarez', '1991-04-09', 'asuarez@gmail.com')
insert into user_contact(id, name, birthday, email) values(6, 'Luis Dominguez', '1990-10-20', 'ldominguez@gmail.com')
insert into user_contact(id, name, birthday, email) values(7, 'Adrian Smith', '1990-11-01', 'asmith@gmail.com')
insert into user_contact(id, name, birthday, email) values(8, 'Fabian Jimenez', '1990-07-19', 'fjimenez@gmail.com')
insert into user_contact(id, name, birthday, email) values(9, 'Jorge Carrasco', '1990-05-13', 'jcarrazco@gmail.com')
insert into user_contact(id, name, birthday, email) values(10, 'Javier Salazar', '1990-06-14', 'jsalazar@gmail.com')

insert into ingredient(id, name) values(1, 'potato')
insert into ingredient(id, name) values(2, 'garlic')
insert into ingredient(id, name) values(3, 'onion')
insert into ingredient(id, name) values(4, 'chicken wings')
insert into ingredient(id, name) values(5, 'chicken')
insert into ingredient(id, name) values(6, 'pork')
insert into ingredient(id, name) values(7, 'bread')

insert into recipe(id, name, user_id) values(1, 'Fried Potato Balls', 1)
insert into recipe(id, name, user_id) values(2, 'Bourbon Street Rib-Eye Steak', 2)
insert into recipe(id, name, user_id) values(3, 'Best Green Bean Casserole', 3)
insert into recipe(id, name, user_id) values(4, 'Sweet Potato Casserole', 4)
insert into recipe(id, name, user_id) values(5, 'Sweet Potato Casserole', 5)
insert into recipe(id, name, user_id) values(6, 'Pumpkin Pie French Toast', 6)
insert into recipe(id, name, user_id) values(7, 'Cranberry Sauce', 1)
insert into recipe(id, name, user_id) values(8, 'Apple Pie by Grandma Ople', 2)

insert into recipe_step(id, instructions, recipe_id) values(1, 'step 1', 1)
insert into recipe_step(id, instructions, recipe_id) values(2, 'step 2', 1)
insert into recipe_step(id, instructions, recipe_id) values(3, 'step 1', 2)
insert into recipe_step(id, instructions, recipe_id) values(4, 'step 2', 3)
insert into recipe_step(id, instructions, recipe_id) values(5, 'step 1', 4)
insert into recipe_step(id, instructions, recipe_id) values(6, 'step 3', 2)
insert into recipe_step(id, instructions, recipe_id) values(7, 'step 1', 3)

insert into recipe_steps_ingredients(recipe_step_id, ingredient_id) values(1, 1)
insert into recipe_steps_ingredients(recipe_step_id, ingredient_id) values(2, 2)
insert into recipe_steps_ingredients(recipe_step_id, ingredient_id) values(3, 3)
insert into recipe_steps_ingredients(recipe_step_id, ingredient_id) values(4, 4)
insert into recipe_steps_ingredients(recipe_step_id, ingredient_id) values(5, 5)
insert into recipe_steps_ingredients(recipe_step_id, ingredient_id) values(6, 6)
insert into recipe_steps_ingredients(recipe_step_id, ingredient_id) values(7, 7)
insert into recipe_steps_ingredients(recipe_step_id, ingredient_id) values(1, 2)
insert into recipe_steps_ingredients(recipe_step_id, ingredient_id) values(1, 4)